id,existing_capability,new_presentation,new_location,source_file,change_type,must_preserve,verification,acceptance_test
P2AB-001,Logo/Home,Sidebar brand and Home,Global sidebar,app/(auth)/[workspaceSlug]/layout.tsx,Layout move,Existing workspace root route,SOURCE_MAPPED_RUNTIME_PENDING,Owner + Gavin runtime review
P2AB-002,Quotes,Labelled work destination,Sidebar / Your work,app/(auth)/[workspaceSlug]/layout.tsx,Layout move,Existing quotes route and copilot ID,SOURCE_MAPPED_RUNTIME_PENDING,Owner + Gavin runtime review
P2AB-003,Orders,Labelled work destination,Sidebar / Your work,app/(auth)/[workspaceSlug]/layout.tsx,Layout move,"material_orders feature lock, destination still handles upgrade",SOURCE_MAPPED_RUNTIME_PENDING,Owner + Gavin runtime review
P2AB-004,Invoices,Labelled work destination,Sidebar / Your work,app/(auth)/[workspaceSlug]/layout.tsx,Layout move,invoices feature lock,SOURCE_MAPPED_RUNTIME_PENDING,Owner + Gavin runtime review
P2AB-005,Resources,Grouped library destination,Sidebar / Set up & reuse,app/(auth)/[workspaceSlug]/layout.tsx,Layout move,All assets/templates remain reachable,SOURCE_MAPPED_RUNTIME_PENDING,Owner + Gavin runtime review
P2AB-006,Smart Components,Pricing Library display label,Sidebar / Set up & reuse,app/(auth)/[workspaceSlug]/layout.tsx,Layout move,"Same components route, object name and rules",SOURCE_MAPPED_RUNTIME_PENDING,Owner + Gavin runtime review
P2AB-007,Supplier,Conditional library destination,Sidebar,app/(auth)/[workspaceSlug]/layout.tsx,Layout move,Existing is_supplier flag,SOURCE_MAPPED_RUNTIME_PENDING,Owner + Gavin runtime review
P2AB-008,Help,Original contextual Help trigger,Utility bar,app/(auth)/[workspaceSlug]/layout.tsx,Layout move,Help drawer context and offset,SOURCE_MAPPED_RUNTIME_PENDING,Owner + Gavin runtime review
P2AB-009,Notifications,One AlertBell,Utility bar,app/(auth)/[workspaceSlug]/layout.tsx,Layout move,"Scoped polling, clear lifecycle and API unchanged",SOURCE_MAPPED_RUNTIME_PENDING,Owner + Gavin runtime review
P2AB-010,Inbox,One InboxLink,Utility bar,app/(auth)/[workspaceSlug]/layout.tsx,Layout move,Separate unread/archive lifecycle,SOURCE_MAPPED_RUNTIME_PENDING,Owner + Gavin runtime review
P2AB-011,Account,Sidebar utility,Sidebar / Support & account,app/(auth)/[workspaceSlug]/layout.tsx,Layout move,Account tabs/security routes,SOURCE_MAPPED_RUNTIME_PENDING,Owner + Gavin runtime review
P2AB-012,Logout,Existing logout button,Sidebar or mobile drawer,app/(auth)/[workspaceSlug]/layout.tsx,Layout move,Existing signout action,SOURCE_MAPPED_RUNTIME_PENDING,Owner + Gavin runtime review
P2AB-013,Smart Assistant,Original launcher plus gated link,Global layer / support,app/(auth)/[workspaceSlug]/layout.tsx,Layout move,Existing flags and fallback AssistantWidget,SOURCE_MAPPED_RUNTIME_PENDING,Owner + Gavin runtime review
P2AB-014,Mobile header/navigation,Menu sheet,Topbar under 1024px,app/(auth)/[workspaceSlug]/layout.tsx,Layout move,No hover dependencies or backdrop dismissal,SOURCE_MAPPED_RUNTIME_PENDING,Owner + Gavin runtime review
P2AB-015,Plan/announcement/impersonation,Existing notices,Above/within shell,app/(auth)/[workspaceSlug]/layout.tsx,Layout move,Do not hide notices or bypass paywall,SOURCE_MAPPED_RUNTIME_PENDING,Owner + Gavin runtime review
P2AB-016,Create quote,New quote hero action,Home,app/(auth)/[workspaceSlug]/page.tsx,Layout move,Existing cap and new form entry modes,SOURCE_MAPPED_RUNTIME_PENDING,Owner + Gavin runtime review
P2AB-017,Measure job,Existing MeasureJobButton,Home hero,app/(auth)/[workspaceSlug]/page.tsx,Layout move,"Same modal inputs, plan caps, units, default collections",SOURCE_MAPPED_RUNTIME_PENDING,Owner + Gavin runtime review
P2AB-018,Welcome/tutorials,Existing WelcomeModal and Tutorials,Home,app/(auth)/[workspaceSlug]/page.tsx,Layout move,Original first-use flag,SOURCE_MAPPED_RUNTIME_PENDING,Owner + Gavin runtime review
P2AB-019,Calculator/document/takeoff drafts,Existing restorers/banners,Home before dashboard,app/(auth)/[workspaceSlug]/page.tsx,Layout move,No draft import/state loss,SOURCE_MAPPED_RUNTIME_PENDING,Owner + Gavin runtime review
P2AB-020,Job Manager coming soon,Quiet roadmap note,Home footer,app/(auth)/[workspaceSlug]/page.tsx,Layout move,No fake project-management feature,SOURCE_MAPPED_RUNTIME_PENDING,Owner + Gavin runtime review
P2AB-021,Find existing work,Continue your work,Home,app/(auth)/[workspaceSlug]/page.tsx,Layout move,Existing Quotes route until HOME-01 wired,SOURCE_MAPPED_RUNTIME_PENDING,Owner + Gavin runtime review
P2AB-022,Customer/job identity,Persistent job header,Job Space header,app/(auth)/[workspaceSlug]/quotes/[id]/summary/page.tsx,Layout move,Existing quote ID and fields,SOURCE_MAPPED_RUNTIME_PENDING,Owner + Gavin runtime review
P2AB-023,Back to quotes/inbox,Contextual back link,Job Space header,app/(auth)/[workspaceSlug]/quotes/[id]/summary/page.tsx,Layout move,from=inbox preserved,SOURCE_MAPPED_RUNTIME_PENDING,Owner + Gavin runtime review
P2AB-024,Quote Summary document,Costing summary section,Job Space / Costing summary,app/(auth)/[workspaceSlug]/quotes/[id]/summary/page.tsx,Layout move,Original calculation output and PDF content,SOURCE_MAPPED_RUNTIME_PENDING,Owner + Gavin runtime review
P2AB-025,Current/Original snapshot,Visible snapshot switch,Costing summary,app/(auth)/[workspaceSlug]/quotes/[id]/summary/page.tsx,Layout move,"Same snapshot policy, query view preserved",SOURCE_MAPPED_RUNTIME_PENDING,Owner + Gavin runtime review
P2AB-026,Download summary,Labelled PDF button,Costing summary,app/(auth)/[workspaceSlug]/quotes/[id]/summary/page.tsx,Layout move,"Existing converter/content, no silent PDF redesign",SOURCE_MAPPED_RUNTIME_PENDING,Owner + Gavin runtime review
P2AB-027,Currency selector,Existing control for drafts,Costing summary toolbar,app/(auth)/[workspaceSlug]/quotes/[id]/summary/page.tsx,Layout move,Original draft condition/action,SOURCE_MAPPED_RUNTIME_PENDING,Owner + Gavin runtime review
P2AB-028,Customer quote missing,Create customer quote card,Overview / Customer quote,app/(auth)/[workspaceSlug]/quotes/[id]/summary/page.tsx,Layout move,Existing customer-edit route,SOURCE_MAPPED_RUNTIME_PENDING,Owner + Gavin runtime review
P2AB-029,Customer quote exists,View/Edit card,Overview / Customer quote,app/(auth)/[workspaceSlug]/quotes/[id]/summary/page.tsx,Layout move,Visibility and totals remain editor owned,SOURCE_MAPPED_RUNTIME_PENDING,Owner + Gavin runtime review
P2AB-030,Customer PDF,Download customer quote,Customer quote section,app/(auth)/[workspaceSlug]/quotes/[id]/summary/page.tsx,Layout move,Same preview calculation and filename,SOURCE_MAPPED_RUNTIME_PENDING,Owner + Gavin runtime review
P2AB-031,Labour sheet missing,Create labour sheet card,Overview / Labour sheet,app/(auth)/[workspaceSlug]/quotes/[id]/summary/page.tsx,Layout move,Existing labor-sheet route,SOURCE_MAPPED_RUNTIME_PENDING,Owner + Gavin runtime review
P2AB-032,Labour sheet exists,View/Edit card,Overview / Labour sheet,app/(auth)/[workspaceSlug]/quotes/[id]/summary/page.tsx,Layout move,Original line availability check,SOURCE_MAPPED_RUNTIME_PENDING,Owner + Gavin runtime review
P2AB-033,Labour PDF,Download labour sheet,Labour sheet section,app/(auth)/[workspaceSlug]/quotes/[id]/summary/page.tsx,Layout move,Original calculation and filename,SOURCE_MAPPED_RUNTIME_PENDING,Owner + Gavin runtime review
P2AB-034,Quote send/test/share,Existing SendDocumentButton,Job Space header,app/(auth)/[workspaceSlug]/quotes/[id]/summary/page.tsx,Layout move,"All props, merge fields, feature flags and pending behaviour",SOURCE_MAPPED_RUNTIME_PENDING,Owner + Gavin runtime review
P2AB-035,Send guard switches tab,switch-to-customer-tab listener,Job section controller,app/(auth)/[workspaceSlug]/quotes/[id]/summary/page.tsx,Layout move,Existing window event still opens customer,SOURCE_MAPPED_RUNTIME_PENDING,Owner + Gavin runtime review
P2AB-036,Expiry edit,Existing QuoteExpiryEditor,Job header,app/(auth)/[workspaceSlug]/quotes/[id]/summary/page.tsx,Layout move,Finalised edit guard and expiration action,SOURCE_MAPPED_RUNTIME_PENDING,Owner + Gavin runtime review
P2AB-037,Withdraw,Existing withdraw action,Manage this job,app/(auth)/[workspaceSlug]/quotes/[id]/summary/page.tsx,Layout move,Active/accepted/declined/withdrawn conditions,SOURCE_MAPPED_RUNTIME_PENDING,Owner + Gavin runtime review
P2AB-038,Reopen,Existing accepted/declined/withdrawn action,Manage this job,app/(auth)/[workspaceSlug]/quotes/[id]/summary/page.tsx,Layout move,Same status-conditioned rendering,SOURCE_MAPPED_RUNTIME_PENDING,Owner + Gavin runtime review
P2AB-039,Clone,Duplicate quote labelled action,Manage this job,app/(auth)/[workspaceSlug]/quotes/[id]/summary/page.tsx,Layout move,"Same inline server action, new ID and redirect",SOURCE_MAPPED_RUNTIME_PENDING,Owner + Gavin runtime review
P2AB-040,Send to App,Accounting export,Manage this job,app/(auth)/[workspaceSlug]/quotes/[id]/summary/page.tsx,Layout move,"Same Xero/QBO flow, only explicit dialog close",SOURCE_MAPPED_RUNTIME_PENDING,Owner + Gavin runtime review
P2AB-041,File list and download/delete,Files card + panel,Files & notes,app/(auth)/[workspaceSlug]/quotes/[id]/summary/page.tsx,Layout move,"Same files, signed URLs, deletion handlers",SOURCE_MAPPED_RUNTIME_PENDING,Owner + Gavin runtime review
P2AB-042,Add file,Visible upload toggle,Files & notes / files,app/(auth)/[workspaceSlug]/quotes/[id]/summary/page.tsx,Layout move,"Same storage/quota limits, pending/error states",SOURCE_MAPPED_RUNTIME_PENDING,Owner + Gavin runtime review
P2AB-043,Internal notes,Notes entry card + panel,Files & notes / notes,app/(auth)/[workspaceSlug]/quotes/[id]/summary/page.tsx,Layout move,"Same author/body/mutations, state stays mounted",SOURCE_MAPPED_RUNTIME_PENDING,Owner + Gavin runtime review
P2AB-044,Revision requests,Attention banner + communication count,Overview / Communication,app/(auth)/[workspaceSlug]/quotes/[id]/summary/page.tsx,Layout move,Existing unresolved filter and response controls,SOURCE_MAPPED_RUNTIME_PENDING,Owner + Gavin runtime review
P2AB-045,Follow-ups,Count and existing schedule controls,Communication,app/(auth)/[workspaceSlug]/quotes/[id]/summary/page.tsx,Layout move,Same triggers/templates/IDs/send schedule,SOURCE_MAPPED_RUNTIME_PENDING,Owner + Gavin runtime review
P2AB-046,Message history,Recent message section,Communication,app/(auth)/[workspaceSlug]/quotes/[id]/summary/page.tsx,Layout move,"Existing scoped/bounded rows, no fabricated inbound feed",SOURCE_MAPPED_RUNTIME_PENDING,Owner + Gavin runtime review
P2AB-047,Delete scheduled/history controls,Existing actions,Communication toolbar,app/(auth)/[workspaceSlug]/quotes/[id]/summary/page.tsx,Layout move,Same guarded delete callbacks,SOURCE_MAPPED_RUNTIME_PENDING,Owner + Gavin runtime review
P2AB-048,Admin calculation audit,Existing CalcAuditPanel,Job Space after sections,app/(auth)/[workspaceSlug]/quotes/[id]/summary/page.tsx,Layout move,Admin-only guard,SOURCE_MAPPED_RUNTIME_PENDING,Owner + Gavin runtime review
P2AB-049,Measurements/pricing,Direct work card,Overview,app/(auth)/[workspaceSlug]/quotes/[id]/summary/page.tsx,Layout move,Normal/blank builder selection and P1 content intact,SOURCE_MAPPED_RUNTIME_PENDING,Owner + Gavin runtime review
P2AB-050,Order creation from existing order flow,Quote-context shortcut with existing layout picker,Overview / Material orders,app/(auth)/[workspaceSlug]/quotes/[id]/summary/job-space/JobOrderAction.tsx,Navigation shortcut,User chooses layout then lines; does not create order immediately,SOURCE_MAPPED_RUNTIME_PENDING,Owner + Gavin runtime review
P2AB-051,Invoice creation from quote,Quote-context shortcut,Overview / Invoices,app/(auth)/[workspaceSlug]/quotes/[id]/summary/job-space/JobOverview.tsx,Navigation shortcut,Existing customer-line prerequisite and feature gate,SOURCE_MAPPED_RUNTIME_PENDING,Owner + Gavin runtime review
P2AB-052,Linked document state not loaded here,Explicit unknown state + optional typed lists,Overview / Orders & Invoices,app/(auth)/[workspaceSlug]/quotes/[id]/summary/job-space/JobOverview.tsx,Data binding pending,"JOB-01 unknown is not zero, no invented relationship",SOURCE_MAPPED_RUNTIME_PENDING,Owner + Gavin runtime review
P2AB-053,Existing builder flow,Same four steps inside rail shell,Quote builder,app/components/workspace/QcAppShell.tsx,Shell-only,All builder files and timed-navigation fix unchanged,SOURCE_MAPPED_RUNTIME_PENDING,Owner + Gavin runtime review
P2AB-054,Existing takeoff flow,Immersive host,Takeoff,app/components/workspace/QcAppShell.tsx,Shell-only,No geometry/state/save/AI/touch flow change,SOURCE_MAPPED_RUNTIME_PENDING,Owner + Gavin runtime review
