id,priority,capability,source,new_presentation,required_verification,status
P01,Critical,Manual and digital entry routes,app/(auth)/[workspaceSlug]/quotes/[id]/page.tsx; app/(auth)/[workspaceSlug]/quotes/[id]/build/page.tsx,Same original loaders and original wrapper; no route or entry-mode changes,Open manual and digital quotes; compare the same populated fixtures. Blank/Standard Quote still routes to blank-build.,STATIC_MAPPED_RUNTIME_PENDING
P02,Critical,Phase navigation/history,app/(auth)/[workspaceSlug]/quotes/[id]/build/QuoteBuilderV2Wrapper.tsx,Native stepper calls original setPhase; wrapper is byte-identical,"Open deep links for all four steps; move steps, refresh, back/forward, wait after initial load; no stale-phase reset.",STATIC_MAPPED_RUNTIME_PENDING
P03,High,Names and job reference,app/(auth)/[workspaceSlug]/quotes/[id]/QuoteNameEditor.tsx,Same header location; fields/controls restyled,"Edit, cancel, Enter, Escape, failed save and reload. Long names wrap.",STATIC_MAPPED_RUNTIME_PENDING
P04,Critical,Currency warning and inheritance,app/(auth)/[workspaceSlug]/quotes/[id]/CurrencySelector.tsx,Header selector; app confirmation instead of browser confirm,Cancel foreign-currency warning makes no mutation; accept retains display-only behavior; select company currency persists null inheritance.,STATIC_MAPPED_RUNTIME_PENDING
P05,Critical,Plans and takeoff link,app/(auth)/[workspaceSlug]/quotes/[id]/FilesManager.tsx,Compact row under identity; same condition and URLs,"Existing plan, no plan, multiple plans, takeoff-present/no-takeoff, thumbnails, view links all reachable.",STATIC_MAPPED_RUNTIME_PENDING
P06,Critical,File upload / PDF selection,app/(auth)/[workspaceSlug]/quotes/[id]/FilesManager.tsx; app/components/FileUploader.tsx,Same expanded files region; new drop-zone styling,"Plan image10MB/PDF50MB; supporting10MB; drag/drop, file chooser, conversion cancellation, unsupported/large files, retry, upload failure.",STATIC_MAPPED_RUNTIME_PENDING
P07,Critical,Storage quotas and signed access,app/(auth)/[workspaceSlug]/quotes/[id]/FilesManager.tsx,Storage/PDF logic unchanged,Over-limit account stays blocked on both routes; signed links work. Check digital isOverStorage baseline issue separately.,STATIC_MAPPED_RUNTIME_PENDING
P08,Critical,Delete supporting file,app/(auth)/[workspaceSlug]/quotes/[id]/FilesManager.tsx,"Same row action, frosted confirmation",Cancel/backdrop/Escape/pending/success/failure; no unintended deletion or double request.,STATIC_MAPPED_RUNTIME_PENDING
P09,High,Add another roof area,app/(auth)/[workspaceSlug]/quotes/[id]/quote-builder/RoofAreaCard.tsx,Same Areas step; labeled inline row,"Whitespace guard, Enter and click, duplicate names if permitted, correct area IDs, empty state.",STATIC_MAPPED_RUNTIME_PENDING
P10,Critical,Area width/length auto-submit,app/(auth)/[workspaceSlug]/quotes/[id]/quote-builder/RoofAreaCard.tsx,Labeled field pair and touch-sized actions,"Type W/L, blur each, Enter, Done and rapid clicks; exactly one entry; original focus restoration and clearing; no duplicate blur save.",STATIC_MAPPED_RUNTIME_PENDING
P11,Critical,Area pitch representations,app/components/PitchInput.tsx,Same setting with v2 native controls,"Degrees, ratio, gradient, persisted mode, empty/null, high angle warning, custom quotes; callbacks still receive degrees.",STATIC_MAPPED_RUNTIME_PENDING
P12,Critical,Confirm/edit area and Next guard,app/(auth)/[workspaceSlug]/quotes/[id]/quote-builder/RoofAreaCard.tsx,Confirmed badge + original lock controls,"Lock/unlock, edit, allAreasLocked guard, zero-area quotes and generic optional areas behave identically.",STATIC_MAPPED_RUNTIME_PENDING
P13,Critical,Cascade area deletion,app/(auth)/[workspaceSlug]/quotes/[id]/quote-builder.tsx,Same area action; frosted confirmation with full warning,Confirm/cancel/pending/error; associated component/entry/document rows match original delete behavior.,STATIC_MAPPED_RUNTIME_PENDING
P14,High,Library selection and new-component sentinel,app/(auth)/[workspaceSlug]/quotes/[id]/quote-builder/AddFromLibrary.tsx,Labeled selector + Add component,Same list filtering/order/collections; selected component adds to correct area/type; immediate clear semantics retained.,STATIC_MAPPED_RUNTIME_PENDING
P15,Critical,Mid-quote Smart Component creation,app/components/CreateSmartComponentModal.tsx,Native dialog frame around the same form,"Main/Extra defaults, measurement types, rates, waste, pitch, generic-trade flags, packs, images, notes, collections and inactive subscription responses.",STATIC_MAPPED_RUNTIME_PENDING
P16,Critical,New component result wiring,app/(auth)/[workspaceSlug]/quotes/[id]/quote-builder.tsx,Existing onCreated handler unchanged,Created row enters local library and attaches to the intended area/phase; creation failure does not add a fake row.,STATIC_MAPPED_RUNTIME_PENDING
P17,Critical,Component expansion identity,app/(auth)/[workspaceSlug]/quotes/[id]/quote-builder/ExpandableComponent.tsx,Accessible native button; existing expanded state remains,Expand several cards; edit fields; wait for refresh and mobile resize; no unintended remount/collapse. Recheck the known baseline issue.,STATIC_MAPPED_RUNTIME_PENDING
P18,High,Separate component removal,app/(auth)/[workspaceSlug]/quotes/[id]/quote-builder/ExpandableComponent.tsx,"Same removal callback, separate red named target",Removing a component must not also toggle another card or change original confirmation policy.,STATIC_MAPPED_RUNTIME_PENDING
P19,Critical,Plan versus Actual input,app/(auth)/[workspaceSlug]/quotes/[id]/quote-builder/ExpandableComponent.tsx,Same controls with aria-pressed,"Plan/Actual must produce the same quantities, pitch/waste application and requests as baseline.",STATIC_MAPPED_RUNTIME_PENDING
P20,Critical,Area assignment/custom pitch,app/(auth)/[workspaceSlug]/quotes/[id]/quote-builder/ExpandableComponent.tsx,Same settings rows,"Multiple areas, None, inherited/custom pitch, no-pitch component; exact component IDs and payload keys.",STATIC_MAPPED_RUNTIME_PENDING
P21,Critical,Use roof area total,app/(auth)/[workspaceSlug]/quotes/[id]/quote-builder/ExpandableComponent.tsx,Same contextual action,Only appears under existing predicate; passes identical area total and component ID.,STATIC_MAPPED_RUNTIME_PENDING
P22,Critical,Area/direct/dimensions modes,app/(auth)/[workspaceSlug]/quotes/[id]/quote-builder/ExpandableComponent.tsx,"Same entry form, labeled native inputs","Direct area, width x length, Add/Done/Enter; intermediate numeric strings and unit conversion parity.",STATIC_MAPPED_RUNTIME_PENDING
P23,Critical,Volume modes,app/(auth)/[workspaceSlug]/quotes/[id]/quote-builder/ExpandableComponent.tsx,Same direct/preset/3D/area-depth controls,"Preset depth, direct volume, L/W/D, area+depth, per-entry depth snapshots; exact existing payloads and results.",STATIC_MAPPED_RUNTIME_PENDING
P24,Critical,Height/multi-length/time/count/fixed modes,app/(auth)/[workspaceSlug]/quotes/[id]/quote-builder/ExpandableComponent.tsx,Same alternatives; stable freestyle keys,"Preset height, freestyle length-height, multi-length variants, hours/days, quantity and fixed fees; all source-supported options.",STATIC_MAPPED_RUNTIME_PENDING
P25,Critical,Metric and Imperial display,app/(auth)/[workspaceSlug]/quotes/[id]/quote-builder/ExpandableComponent.tsx,Existing conversions/formatters retained,"Metric, imperial_ft and imperial_rs; stored values/purchase quantities/final amounts identical. Review baseline preview-unit quirks separately.",STATIC_MAPPED_RUNTIME_PENDING
P26,Critical,Purchase-unit rounding and actual fraction,app/(auth)/[workspaceSlug]/quotes/[id]/quote-builder.tsx,Header/review retain priced_quantity and fractional actual,"Whole packs/rolls, numeric-string DB values, null priced quantity and non-pack items match baseline exactly.",STATIC_MAPPED_RUNTIME_PENDING
P27,Critical,Entry remove/combine/split,app/(auth)/[workspaceSlug]/quotes/[id]/quote-builder/ExpandableComponent.tsx,Same actions with readable labels,"Preserve eligibility guards, combined source counts, waste rules, split reconstruction and non-removable combined entry policy.",STATIC_MAPPED_RUNTIME_PENDING
P28,High,Extras and no-area component paths,app/(auth)/[workspaceSlug]/quotes/[id]/quote-builder.tsx,"Same separate phase, no new workflow","Main/extra filtering, all no-area components, generic trades; no disappearing items in Review.",STATIC_MAPPED_RUNTIME_PENDING
P29,High,Review columns and override dot,app/(auth)/[workspaceSlug]/quotes/[id]/quote-builder.tsx,Solid tables with named bounded scroll regions,Every quantity/cost/entry/override retained; keyboard horizontal scroll on narrow screens; long labels and amounts.,STATIC_MAPPED_RUNTIME_PENDING
P30,Critical,Margins/tax/total and confirmation,app/(auth)/[workspaceSlug]/quotes/[id]/quote-builder.tsx; app/(auth)/[workspaceSlug]/quotes/[id]/ConfirmQuoteButton.tsx,Same numeric expressions and bound actions; clearer saved/preview labels,"Disabled/enabled margins, blank/invalid/out-of-range, saved/unsaved values, failed save and confirmation. Gavin must decide baseline failure continuation before release.",STATIC_MAPPED_RUNTIME_PENDING
P31,Critical,Draft confirm versus confirmed save,app/(auth)/[workspaceSlug]/quotes/[id]/ConfirmQuoteButton.tsx,Same native form/bound action with QcButton,"Both quote statuses, pending, callback, action redirects and duplicate submission behavior compared to original.",STATIC_MAPPED_RUNTIME_PENDING
P32,High,"Modals, focus and explicit dismissal",app/components/ui/v2/QcDialog.tsx,Frosted native modal with existing facades,"Keyboard focus, nested creator error, Escape, pending, explicit close, backdrop no-op, tab containment, route unmount and scroll restoration in actual React app.",STATIC_MAPPED_RUNTIME_PENDING
P33,High,Legacy shared-component consumers,app/components/ConfirmModal.tsx; app/components/AlertModal.tsx; app/components/PitchInput.tsx; app/components/FileUploader.tsx; app/components/ui/ScrollIndicator.tsx,Default presentation not opted in,"Visit at least one unmigrated caller of each shared file. Old modals, uploads and pitch controls stay usable and unchanged visually.",STATIC_MAPPED_RUNTIME_PENDING
P34,High,Responsive/reduced effects,app/components/ui/v2/qc.css; app/(auth)/[workspaceSlug]/quotes/[id]/quote-builder/quote-builder.css,"Single form tree, touch targets, fallback glass","320/390/768/1024/1440, phone landscape/keyboard, 200% zoom, long text, reduced motion/transparency and forced colours. No assistant overlaps primary actions.",STATIC_MAPPED_RUNTIME_PENDING
P35,Critical,Protected services and gates,app/api/**; app/lib/**; actions; backend; config,Byte-identical in return,Compare protected hashes; preview must not use live DB/email/payments/storage/jobs. Test current entitlements rather than inventing permissions.,STATIC_MAPPED_RUNTIME_PENDING
P36,Critical,Later-phase boundaries,takeoff/**; summary/**; customer-edit/**; layouts,No changes,Mobile takeoff and AI scan handoff remain functional; no canvas geometry/state changes; no new Sidebar/Guided/Fast/Job Space routing.,STATIC_MAPPED_RUNTIME_PENDING
