roof_id,country,complexity,feature_roof,digital_takeoff_minutes,real_takeoff_minutes,digital_pitch_deg,real_pitch_deg,measurement_type,measurement_no,digital_measurement,real_measurement,unit,difference,signed_variance_percent,absolute_variance_percent,notes
NZ-01,New Zealand,simple,,2:27,9:03,7,7.5,Roof Area,,237.63,232.5,m²,5.13,2.206,2.206,Featured visibility-limit example: part of a lower roof was hidden beneath upper roof/soffit geometry and could not be identified from the available top-down and Street View views. Two short edge measurements were therefore substantially under-measured.
NZ-01,New Zealand,,,,,,,Ridge,1,16.78,16.6,m,0.18,1.084,1.084,
NZ-01,New Zealand,,,,,,,Barge,Hidden section,2.1,3,m,-0.9,-30.0,30.0,Known remote-imagery visibility limitation: this lower-roof head barge extended beneath the upper roof/soffit. Only the exposed ~2.10 m was visible remotely; site measurement showed the full length was 3.00 m.
NZ-01,New Zealand,,,,,,,Ridge,3,14.94,14.9,m,0.04,0.268,0.268,
NZ-01,New Zealand,,,,,,,Barge,1,7.97,7.8,m,0.17,2.179,2.179,
NZ-01,New Zealand,,,,,,,Barge,2,1.2,1.1,m,0.1,9.091,9.091,
NZ-01,New Zealand,,,,,,,Barge,3,6.77,6.7,m,0.07,1.045,1.045,
NZ-01,New Zealand,,,,,,,Barge,4,6.59,6.4,m,0.19,2.969,2.969,
NZ-01,New Zealand,,,,,,,Barge,5,6.69,6.4,m,0.29,4.531,4.531,
NZ-01,New Zealand,,,,,,,Spouting,1,14.8,14.9,m,-0.1,-0.671,0.671,
NZ-01,New Zealand,,,,,,,Spouting,2,2.16,3,m,-0.84,-28.0,28.0,Known remote-imagery visibility limitation: this lower-roof spouting length continued beneath the upper roof/soffit. Only the exposed ~2.16 m was visible remotely; site measurement showed the full length was 3.00 m.
NZ-01,New Zealand,,,,,,,Spouting,3,9.01,8.9,m,0.11,1.236,1.236,
NZ-01,New Zealand,,,,,,,Spouting,4,7.46,7.2,m,0.26,3.611,3.611,
NZ-02,New Zealand,simple,,2:39,11:10,33,35,Roof Area,,233.95,215,m²,18.95,8.814,8.814,
NZ-02,New Zealand,,,,,,,Ridge,1,4.52,4.4,m,0.12,2.727,2.727,
NZ-02,New Zealand,,,,,,,Ridge,2,14.64,14.2,m,0.44,3.099,3.099,
NZ-02,New Zealand,,,,,,,Barge,1,7.06,7,m,0.06,0.857,0.857,
NZ-02,New Zealand,,,,,,,Barge,2,7.16,7,m,0.16,2.286,2.286,
NZ-02,New Zealand,,,,,,,Barge,3,0.78,0.7,m,0.08,11.429,11.429,
NZ-02,New Zealand,,,,,,,Barge,4,0.79,0.7,m,0.09,12.857,12.857,
NZ-02,New Zealand,,,,,,,Barge,5,3.31,3.3,m,0.01,0.303,0.303,
NZ-02,New Zealand,,,,,,,Barge,6,2.46,2.4,m,0.06,2.5,2.5,
NZ-02,New Zealand,,,,,,,Barge,7,3.74,3.7,m,0.04,1.081,1.081,
NZ-02,New Zealand,,,,,,,Barge,8,7.18,7.1,m,0.08,1.127,1.127,
NZ-03,New Zealand,Medium,,2:56,12:56,27,25,Roof Area,,309.12,301,m²,8.12,2.698,2.698,
NZ-03,New Zealand,,,,,,,Ridge,1,4.97,5.1,m,-0.13,-2.549,2.549,
NZ-03,New Zealand,,,,,,,Ridge,2,8.57,8.7,m,-0.13,-1.494,1.494,
NZ-03,New Zealand,,,,,,,Ridge,3,3.7,3.6,m,0.1,2.778,2.778,
NZ-03,New Zealand,,,,,,,Ridge,4,2.36,2.4,m,-0.04,-1.667,1.667,
NZ-03,New Zealand,,,,,,,Ridge,5,3.83,3.9,m,-0.07,-1.795,1.795,
NZ-03,New Zealand,,,,,,,Hip,1,7.2,7.3,m,-0.1,-1.37,1.37,
NZ-03,New Zealand,,,,,,,Hip,2,7.31,7.3,m,0.01,0.137,0.137,
NZ-03,New Zealand,,,,,,,Hip,3,3.61,3.5,m,0.11,3.143,3.143,
NZ-03,New Zealand,,,,,,,Hip,4,0.5,0.6,m,-0.1,-16.667,16.667,
NZ-03,New Zealand,,,,,,,Hip,5,6.83,6.7,m,0.13,1.94,1.94,
NZ-03,New Zealand,,,,,,,Hip,6,6.6,6.7,m,-0.1,-1.493,1.493,
NZ-03,New Zealand,,,,,,,Hip,7,2.01,2,m,0.01,0.5,0.5,
NZ-03,New Zealand,,,,,,,Hip,8,5.89,6,m,-0.11,-1.833,1.833,
NZ-03,New Zealand,,,,,,,Valley,1,7.08,7.1,m,-0.02,-0.282,0.282,
NZ-03,New Zealand,,,,,,,Valley,2,3.99,4,m,-0.01,-0.25,0.25,
NZ-03,New Zealand,,,,,,,Valley,3,4.09,4,m,0.09,2.25,2.25,
NZ-03,New Zealand,,,,,,,Valley,4,3.04,3,m,0.04,1.333,1.333,
NZ-03,New Zealand,,,,,,,Valley,5,2.89,3,m,-0.11,-3.667,3.667,
NZ-03,New Zealand,,,,,,,Barge,1,2.08,2.15,m,-0.07,-3.256,3.256,
NZ-03,New Zealand,,,,,,,Barge,2,2.35,2.15,m,0.2,9.302,9.302,
NZ-03,New Zealand,,,,,,,Barge,3,4.52,4.5,m,0.02,0.444,0.444,
NZ-03,New Zealand,,,,,,,Barge,4,4.43,4.5,m,-0.07,-1.556,1.556,
NZ-04,New Zealand,simple,,2:21,8:47,20,22.5,Roof Area,,165.69,171,m²,-5.31,-3.105,3.105,
NZ-04,New Zealand,,,,,,,Ridge,1,8.83,8.9,m,-0.07,-0.787,0.787,
NZ-04,New Zealand,,,,,,,Ridge,2,5.99,6,m,-0.01,-0.167,0.167,
NZ-04,New Zealand,,,,,,,Hip,1,7.11,7,m,0.11,1.571,1.571,
NZ-04,New Zealand,,,,,,,Hip,2,3.72,3.8,m,-0.08,-2.105,2.105,
NZ-04,New Zealand,,,,,,,Valley,1,4.06,4,m,0.06,1.5,1.5,
NZ-04,New Zealand,,,,,,,Barge,1,3.09,3,m,0.09,3.0,3.0,
NZ-04,New Zealand,,,,,,,Barge,2,2.78,3,m,-0.22,-7.333,7.333,
NZ-04,New Zealand,,,,,,,Barge,3,5.18,5.3,m,-0.12,-2.264,2.264,
NZ-04,New Zealand,,,,,,,Barge,4,5.46,5.3,m,0.16,3.019,3.019,
NZ-05,New Zealand,Medium/Complex,Yes,3:13,12:42,25,25,Roof Area,,311.33,302.3,m²,9.03,2.987,2.987,
NZ-05,New Zealand,,,,,,,Ridge,1,4.16,4.2,m,-0.04,-0.952,0.952,
NZ-05,New Zealand,,,,,,,Ridge,2,9.39,9.5,m,-0.11,-1.158,1.158,
NZ-05,New Zealand,,,,,,,Ridge,3,3.1,3.2,m,-0.1,-3.125,3.125,
NZ-05,New Zealand,,,,,,,Ridge,4,3.3,3.2,m,0.1,3.125,3.125,
NZ-05,New Zealand,,,,,,,Ridge,5,1.15,1.2,m,-0.05,-4.167,4.167,
NZ-05,New Zealand,,,,,,,Ridge,6,4.25,4.2,m,0.05,1.19,1.19,
NZ-05,New Zealand,,,,,,,Hip,1,5.13,5.2,m,-0.07,-1.346,1.346,
NZ-05,New Zealand,,,,,,,Hip,2,5.29,5.2,m,0.09,1.731,1.731,
NZ-05,New Zealand,,,,,,,Hip,3,1.26,1.4,m,-0.14,-10.0,10.0,
NZ-05,New Zealand,,,,,,,Hip,4,3.85,3.9,m,-0.05,-1.282,1.282,
NZ-05,New Zealand,,,,,,,Hip,5,3.99,3.9,m,0.09,2.308,2.308,
NZ-05,New Zealand,,,,,,,Hip,6,7.42,7.2,m,0.22,3.056,3.056,
NZ-05,New Zealand,,,,,,,Hip,7,7.08,7.2,m,-0.12,-1.667,1.667,
NZ-05,New Zealand,,,,,,,Hip,8,1.99,2.1,m,-0.11,-5.238,5.238,
NZ-05,New Zealand,,,,,,,Hip,9,5.09,5,m,0.09,1.8,1.8,
NZ-05,New Zealand,,,,,,,Hip,10,5.06,5,m,0.06,1.2,1.2,
NZ-05,New Zealand,,,,,,,Hip,11,6.67,6.9,m,-0.23,-3.333,3.333,
NZ-05,New Zealand,,,,,,,Hip,12,7.22,6.9,m,0.32,4.638,4.638,
NZ-05,New Zealand,,,,,,,Hip,13,2.22,2.1,m,0.12,5.714,5.714,
NZ-05,New Zealand,,,,,,,Valley,1,4.23,4.1,m,0.13,3.171,3.171,
NZ-05,New Zealand,,,,,,,Valley,2,7.44,7.3,m,0.14,1.918,1.918,
NZ-05,New Zealand,,,,,,,Valley,3,7.1,7.3,m,-0.2,-2.74,2.74,
NZ-05,New Zealand,,,,,,,Valley,4,5.39,5.5,m,-0.11,-2.0,2.0,
NZ-05,New Zealand,,,,,,,Valley,5,5.56,5.5,m,0.06,1.091,1.091,
NZ-05,New Zealand,,,,,,,Valley,6,4.96,5,m,-0.04,-0.8,0.8,
US-01,United States,Simple,,2:24,6:49,15,14,Roof Area,,191.04,196.2,m²,-5.16,-2.63,2.63,
US-01,United States,,,,,,,Ridge,1,1.49,1.5,m,-0.01,-0.667,0.667,
US-01,United States,,,,,,,Ridge,2,9.97,10,m,-0.03,-0.3,0.3,
US-01,United States,,,,,,,Hip,1,6.49,6.3,m,0.19,3.016,3.016,
US-01,United States,,,,,,,Hip,2,6.16,6.3,m,-0.14,-2.222,2.222,
US-01,United States,,,,,,,Hip,3,6.44,6.5,m,-0.06,-0.923,0.923,
US-01,United States,,,,,,,Hip,4,6.54,6.5,m,0.04,0.615,0.615,
US-01,United States,,,,,,,Hip,5,6.76,6.8,m,-0.04,-0.588,0.588,
US-01,United States,,,,,,,Valley,1,6.7,6.6,m,0.1,1.515,1.515,
US-02,United States,Simple,,2:34,7:03,23,20,Roof Area,,123.82,118.4,m²,5.42,4.578,4.578,
US-02,United States,,,,,,,Ridge,1,12.17,12.1,m,0.07,0.579,0.579,
US-02,United States,,,,,,,Ridge,2,2.74,2.8,m,-0.06,-2.143,2.143,
US-02,United States,,,,,,,Valley,1,2.54,2.3,m,0.24,10.435,10.435,
US-02,United States,,,,,,,Valley,2,2.29,2.3,m,-0.01,-0.435,0.435,
US-02,United States,,,,,,,Barge,1,2.11,2,m,0.11,5.5,5.5,
US-02,United States,,,,,,,Barge,2,1.88,2,m,-0.12,-6.0,6.0,
US-02,United States,,,,,,,Barge,3,5,5,m,0.0,0.0,0.0,
US-02,United States,,,,,,,Barge,4,4.87,5,m,-0.13,-2.6,2.6,
US-02,United States,,,,,,,Barge,5,4.73,5,m,-0.27,-5.4,5.4,
US-02,United States,,,,,,,Barge,6,5.07,5,m,0.07,1.4,1.4,
US-03,United States,Medium/Complex,Yes,2:56,7:42,18,20,Roof Area,,267.73,272.9,m²,-5.17,-1.894,1.894,
US-03,United States,,,,,,,Ridge,1,4.62,4.7,m,-0.08,-1.702,1.702,
US-03,United States,,,,,,,Ridge,2,7.54,7.6,m,-0.06,-0.789,0.789,
US-03,United States,,,,,,,Ridge,3,5.81,5.8,m,0.01,0.172,0.172,
US-03,United States,,,,,,,Ridge,4,2.41,2.5,m,-0.09,-3.6,3.6,
US-03,United States,,,,,,,Hip,1,4.89,5,m,-0.11,-2.2,2.2,
US-03,United States,,,,,,,Hip,2,6.88,6.9,m,-0.02,-0.29,0.29,
US-03,United States,,,,,,,Hip,3,9.84,10,m,-0.16,-1.6,1.6,
US-03,United States,,,,,,,Hip,4,3.35,3.4,m,-0.05,-1.471,1.471,
US-03,United States,,,,,,,Valley,1,4.91,5,m,-0.09,-1.8,1.8,
US-03,United States,,,,,,,Valley,2,5.09,5,m,0.09,1.8,1.8,
US-03,United States,,,,,,,Valley,3,5.21,5,m,0.21,4.2,4.2,
US-03,United States,,,,,,,Barge,1,3.48,3.5,m,-0.02,-0.571,0.571,
US-03,United States,,,,,,,Barge,2,3.6,3.5,m,0.1,2.857,2.857,
US-03,United States,,,,,,,Barge,3,5.94,6,m,-0.06,-1.0,1.0,
US-03,United States,,,,,,,Barge,4,2.98,3,m,-0.02,-0.667,0.667,
US-03,United States,,,,,,,Barge,5,4.46,4.3,m,0.16,3.721,3.721,
US-03,United States,,,,,,,Barge,6,4.07,4.3,m,-0.23,-5.349,5.349,
US-04,United States,Medium,,2:41,9:21,18,20,Roof Area,,173.4,168.8,m²,4.6,2.725,2.725,
US-04,United States,,,,,,,Ridge,1,3.38,3.5,m,-0.12,-3.429,3.429,
US-04,United States,,,,,,,Ridge,2,5.11,5,m,0.11,2.2,2.2,
US-04,United States,,,,,,,Hip,1,7.49,7.5,m,-0.01,-0.133,0.133,
US-04,United States,,,,,,,Hip,2,7.42,7.5,m,-0.08,-1.067,1.067,
US-04,United States,,,,,,,Hip,3,7.18,7.5,m,-0.32,-4.267,4.267,
US-04,United States,,,,,,,Hip,4,7.15,7.5,m,-0.35,-4.667,4.667,
US-04,United States,,,,,,,Valley,1,2.45,2.3,m,0.15,6.522,6.522,
US-04,United States,,,,,,,Valley,2,2.19,2.3,m,-0.11,-4.783,4.783,
US-04,United States,,,,,,,Barge,1,2.84,3.1,m,-0.26,-8.387,8.387,
US-04,United States,,,,,,,Barge,2,3.43,3.1,m,0.33,10.645,10.645,
US-05,United States,Medium,,2:58,8:33,19,20,Roof Area,,195.04,202.2,m²,-7.16,-3.541,3.541,
US-05,United States,,,,,,,Ridge,1,2.56,2.6,m,-0.04,-1.538,1.538,
US-05,United States,,,,,,,Ridge,2,5.01,5,m,0.01,0.2,0.2,
US-05,United States,,,,,,,Ridge,3,3.4,3.5,m,-0.1,-2.857,2.857,
US-05,United States,,,,,,,Hip,1,7.53,7.5,m,0.03,0.4,0.4,
US-05,United States,,,,,,,Hip,2,7.4,7.5,m,-0.1,-1.333,1.333,
US-05,United States,,,,,,,Hip,3,1.04,1.1,m,-0.06,-5.455,5.455,
US-05,United States,,,,,,,Hip,4,7.93,7.4,m,0.53,7.162,7.162,
US-05,United States,,,,,,,Hip,5,7.05,7.4,m,-0.35,-4.73,4.73,
US-05,United States,,,,,,,Hip,6,1.51,1.4,m,0.11,7.857,7.857,
US-05,United States,,,,,,,Valley,1,5.23,5.3,m,-0.07,-1.321,1.321,
US-05,United States,,,,,,,Valley,2,7.34,7.2,m,0.14,1.944,1.944,
US-05,United States,,,,,,,Barge,1,4.27,4.2,m,0.07,1.667,1.667,
US-05,United States,,,,,,,Barge,2,4.03,4.2,m,-0.17,-4.048,4.048,
