id,capability,customer_quote,invoice,line_order,visual_single,visual_double,presentation_location,protected_contract,runtime_status
P5-CAP-01,"Job/document identity, back and completion",YES,YES,YES,YES,YES,Shared document header,Existing routes and save actions; invoice inbox origin retained,GAVIN_GATE_NOT_RUN
P5-CAP-02,Hide/show editing controls,YES,YES,YES,YES,YES,Hide in panel / Show editing panel in preview,Mounted panel; no editor reset; focus-only C55 effect,GAVIN_GATE_NOT_RUN
P5-CAP-03,Live preview,YES,YES,YES,YES,YES,Shared preview region,"Actual existing renderer/content expressions, not a new generic document",GAVIN_GATE_NOT_RUN
P5-CAP-04,Full-size preview,YES,NO_EXISTING_CAPABILITY,NO_EXISTING_CAPABILITY,NO_EXISTING_CAPABILITY,NO_EXISTING_CAPABILITY,Preview toolbar,Same state/close action; C27; now same display props as live preview,GAVIN_GATE_NOT_RUN
P5-CAP-05,Manual Save & return,YES,YES,NO_EXISTING_CAPABILITY,NO_EXISTING_CAPABILITY,NO_EXISTING_CAPABILITY,Header,Existing promise/actions/routes; Quote failure issue P5-SAVE-01 unchanged,GAVIN_GATE_NOT_RUN
P5-CAP-06,Save Order,NO_EXISTING_CAPABILITY,NO_EXISTING_CAPABILITY,YES,YES,YES,Header,Existing saveDraftOrder payload/result/navigation,GAVIN_GATE_NOT_RUN
P5-CAP-07,Autosave,NO_EXISTING_CAPABILITY,YES,NO_EXISTING_CAPABILITY,NO_EXISTING_CAPABILITY,NO_EXISTING_CAPABILITY,Header status plus existing controller,Existing 2-second timer; failure handling unchanged; no invented payment save,GAVIN_GATE_NOT_RUN
P5-CAP-08,Explicit payment-details save,NO_EXISTING_CAPABILITY,YES,NO_EXISTING_CAPABILITY,NO_EXISTING_CAPABILITY,NO_EXISTING_CAPABILITY,Details / Payment details,Independent handleSavePaymentDetails and payDirty preserved,GAVIN_GATE_NOT_RUN
P5-CAP-09,Add custom/component/catalog items,YES,YES,YES,NO_EXISTING_CAPABILITY,NO_EXISTING_CAPABILITY,Top Add item,Original AddLine/AddInvoice controllers and library data,GAVIN_GATE_NOT_RUN
P5-CAP-10,AI image/PDF and text import,YES,YES,YES,NO_EXISTING_CAPABILITY,NO_EXISTING_CAPABILITY,Import controls,Existing parsing/point/entitlement/error hooks unchanged,GAVIN_GATE_NOT_RUN
P5-CAP-11,Customer line pencil editing,YES,NO_EXISTING_CAPABILITY,NO_EXISTING_CAPABILITY,NO_EXISTING_CAPABILITY,NO_EXISTING_CAPABILITY,Document preview,Original LineEditForm pricing/margin inputs and save callback,GAVIN_GATE_NOT_RUN
P5-CAP-12,Invoice inline line editing,NO_EXISTING_CAPABILITY,YES,NO_EXISTING_CAPABILITY,NO_EXISTING_CAPABILITY,NO_EXISTING_CAPABILITY,Items panel,Title/description/qty/unit/rate and line total math unchanged,GAVIN_GATE_NOT_RUN
P5-CAP-13,Order line editing,NO_EXISTING_CAPABILITY,NO_EXISTING_CAPABILITY,YES,NO_EXISTING_CAPABILITY,NO_EXISTING_CAPABILITY,Items list or preview pencil,Original LineEditForm and order envelope,GAVIN_GATE_NOT_RUN
P5-CAP-14,Reorder items,YES,YES,YES,YES,YES,Per-item controls,Original sort/reordering handlers and end guards,GAVIN_GATE_NOT_RUN
P5-CAP-15,Remove with original guard/confirmation,YES,YES,YES,YES,YES,Per-item controls,Invoice direct remove retained; others keep their original confirmation policy,GAVIN_GATE_NOT_RUN
P5-CAP-16,Line visibility,YES,YES,YES,NO_EXISTING_CAPABILITY,NO_EXISTING_CAPABILITY,Per-item Show,Separate from financial inclusion,GAVIN_GATE_NOT_RUN
P5-CAP-17,Line in-total inclusion,YES,YES,YES,NO_EXISTING_CAPABILITY,NO_EXISTING_CAPABILITY,Per-item In total (formerly Add $),Independent of hidden state; calculation unchanged,GAVIN_GATE_NOT_RUN
P5-CAP-18,Per-line price visibility,YES,YES,YES,NO_EXISTING_CAPABILITY,NO_EXISTING_CAPABILITY,Per-item Price,Original disabled conditions,GAVIN_GATE_NOT_RUN
P5-CAP-19,Per-line units/quantity visibility,YES,YES,NO_EXISTING_CAPABILITY,NO_EXISTING_CAPABILITY,NO_EXISTING_CAPABILITY,Per-item Units / Qty,"Original field semantics, not interchangeable schemas",GAVIN_GATE_NOT_RUN
P5-CAP-20,Numeric quantity column,YES,NO_EXISTING_CAPABILITY,YES,NO_EXISTING_CAPABILITY,NO_EXISTING_CAPABILITY,Document appearance,Persisted flags/quantity math unchanged,GAVIN_GATE_NOT_RUN
P5-CAP-21,Hide prices independently of totals,YES,YES,YES,NO_EXISTING_CAPABILITY,NO_EXISTING_CAPABILITY,Document appearance / Invoice Items,Original flags and writes,GAVIN_GATE_NOT_RUN
P5-CAP-22,Hide totals independently of prices,YES,YES,YES,NO_EXISTING_CAPABILITY,NO_EXISTING_CAPABILITY,Document appearance / Invoice Items,Original subtotal/tax/total display flags,GAVIN_GATE_NOT_RUN
P5-CAP-23,Master all-pricing switch,NO_EXISTING_CAPABILITY,NO_EXISTING_CAPABILITY,YES,NO_EXISTING_CAPABILITY,NO_EXISTING_CAPABILITY,Document appearance,Same existing hide-price/hide-total setters,GAVIN_GATE_NOT_RUN
P5-CAP-24,Roof-area/extras grouping and missing components,YES,NO_EXISTING_CAPABILITY,NO_EXISTING_CAPABILITY,NO_EXISTING_CAPABILITY,NO_EXISTING_CAPABILITY,Document items,Original trade-aware grouping/recovery,GAVIN_GATE_NOT_RUN
P5-CAP-25,Global material/labour margins,YES,NO_EXISTING_CAPABILITY,NO_EXISTING_CAPABILITY,NO_EXISTING_CAPABILITY,NO_EXISTING_CAPABILITY,Margins,Exact original functions/values; Apply & Save remains,GAVIN_GATE_NOT_RUN
P5-CAP-26,Per-line material/labour margins and base costs,YES,NO_EXISTING_CAPABILITY,NO_EXISTING_CAPABILITY,NO_EXISTING_CAPABILITY,NO_EXISTING_CAPABILITY,Preview pencil form,Original component/custom margin calculations,GAVIN_GATE_NOT_RUN
P5-CAP-27,Show margin breakdown and save warning,YES,NO_EXISTING_CAPABILITY,NO_EXISTING_CAPABILITY,NO_EXISTING_CAPABILITY,NO_EXISTING_CAPABILITY,Margins / existing warning,Original warning conditions and callbacks,GAVIN_GATE_NOT_RUN
P5-CAP-28,Quote tax defaults/custom/reset/audience,YES,NO_EXISTING_CAPABILITY,NO_EXISTING_CAPABILITY,NO_EXISTING_CAPABILITY,NO_EXISTING_CAPABILITY,Taxes,Rates/validation/include_quote/include_labor and tax reset action,GAVIN_GATE_NOT_RUN
P5-CAP-29,Order default/custom taxes,NO_EXISTING_CAPABILITY,NO_EXISTING_CAPABILITY,YES,NO_EXISTING_CAPABILITY,NO_EXISTING_CAPABILITY,Taxes,Order-only optional taxes/envelope,GAVIN_GATE_NOT_RUN
P5-CAP-30,Invoice tax calculation/editor,NO_EXISTING_CAPABILITY,NO_EXISTING_CAPABILITY,NO_EXISTING_CAPABILITY,NO_EXISTING_CAPABILITY,NO_EXISTING_CAPABILITY,Not added,Baseline taxTotal=0; P5-TAX-01,GAVIN_GATE_NOT_RUN
P5-CAP-31,Branding/header/logo/footer editing,YES,YES,YES,YES,YES,Quote branding; Invoice Details; Order details/footer,"Original forms, upload/storage guards and values",GAVIN_GATE_NOT_RUN
P5-CAP-32,Apply/save branding template,YES,NO_EXISTING_CAPABILITY,NO_EXISTING_CAPABILITY,NO_EXISTING_CAPABILITY,NO_EXISTING_CAPABILITY,Branding & templates,Original template data/create action/native prompt retained,GAVIN_GATE_NOT_RUN
P5-CAP-33,Order header templates/minimise/expand,NO_EXISTING_CAPABILITY,NO_EXISTING_CAPABILITY,YES,YES,YES,Order details,Existing template and header-expanded state,GAVIN_GATE_NOT_RUN
P5-CAP-34,Invoice date/due date/notes/terms/references,NO_EXISTING_CAPABILITY,YES,NO_EXISTING_CAPABILITY,NO_EXISTING_CAPABILITY,NO_EXISTING_CAPABILITY,Details,Existing date/persist/validation behavior,GAVIN_GATE_NOT_RUN
P5-CAP-35,Invoice activity/status,NO_EXISTING_CAPABILITY,YES,NO_EXISTING_CAPABILITY,NO_EXISTING_CAPABILITY,NO_EXISTING_CAPABILITY,Activity tab + existing server activity slot,Original status labels/events; slot remains outside PDF hook,GAVIN_GATE_NOT_RUN
P5-CAP-36,Invoice PDF download,NO_EXISTING_CAPABILITY,YES,NO_EXISTING_CAPABILITY,NO_EXISTING_CAPABILITY,NO_EXISTING_CAPABILITY,Header,Original elementToPdf; one data-pdf-content; actual export gate,GAVIN_GATE_NOT_RUN
P5-CAP-37,Invoice send/share/templates/attachments/followups,NO_EXISTING_CAPABILITY,YES,NO_EXISTING_CAPABILITY,NO_EXISTING_CAPABILITY,NO_EXISTING_CAPABILITY,Header Send Invoice,Unchanged SendDocumentButton/controller/entitlement/sending,GAVIN_GATE_NOT_RUN
P5-CAP-38,Invoice customer link marks draft sent,NO_EXISTING_CAPABILITY,YES,NO_EXISTING_CAPABILITY,NO_EXISTING_CAPABILITY,NO_EXISTING_CAPABILITY,Header Customer link + explicit note,Original side effect/link tracking; not a passive preview,GAVIN_GATE_NOT_RUN
P5-CAP-39,Invoice cancel/confirm payment/reset,NO_EXISTING_CAPABILITY,YES,NO_EXISTING_CAPABILITY,NO_EXISTING_CAPABILITY,NO_EXISTING_CAPABILITY,Header under existing status guards,Original server actions/dialog pending and status transitions,GAVIN_GATE_NOT_RUN
P5-CAP-40,Invoice paid/cancelled read-only behavior,NO_EXISTING_CAPABILITY,YES,NO_EXISTING_CAPABILITY,NO_EXISTING_CAPABILITY,NO_EXISTING_CAPABILITY,Existing guarded controls,No permissions/lifecycle changes,GAVIN_GATE_NOT_RUN
P5-CAP-41,Quote-derived or blank Order creation,NO_EXISTING_CAPABILITY,NO_EXISTING_CAPABILITY,YES,YES,YES,Existing entry loaders,Original selection/hydration/component filtering,GAVIN_GATE_NOT_RUN
P5-CAP-42,Order stored-format editing,NO_EXISTING_CAPABILITY,NO_EXISTING_CAPABILITY,YES,YES,YES,Existing saved-order route,Original layout_mode and line_by_line_data,GAVIN_GATE_NOT_RUN
P5-CAP-43,Order content-family choice,NO_EXISTING_CAPABILITY,NO_EXISTING_CAPABILITY,YES,YES,YES,Two-choice modal,line_by_line or single emitted; old double values understood,GAVIN_GATE_NOT_RUN
P5-CAP-44,1 / 2 column layout switch,NO_EXISTING_CAPABILITY,NO_EXISTING_CAPABILITY,NO_EXISTING_CAPABILITY,YES,YES,Preview toolbar,Existing layoutMode and persisted field; no item conversion,GAVIN_GATE_NOT_RUN
P5-CAP-45,Visual item library/catalog/manual entry,NO_EXISTING_CAPABILITY,NO_EXISTING_CAPABILITY,NO_EXISTING_CAPABILITY,YES,YES,Add component / existing item dialog,Original validation and creation controller,GAVIN_GATE_NOT_RUN
P5-CAP-46,Single-item quantity and description,NO_EXISTING_CAPABILITY,NO_EXISTING_CAPABILITY,NO_EXISTING_CAPABILITY,YES,YES,Existing item dialog,Original single mode and units,GAVIN_GATE_NOT_RUN
P5-CAP-47,Linear lengths and multipliers,NO_EXISTING_CAPABILITY,NO_EXISTING_CAPABILITY,NO_EXISTING_CAPABILITY,YES,YES,Existing item dialog / preview,Original lengths and quantity calculations,GAVIN_GATE_NOT_RUN
P5-CAP-48,Area and volume entries/calculator breakdown,NO_EXISTING_CAPABILITY,NO_EXISTING_CAPABILITY,NO_EXISTING_CAPABILITY,YES,YES,Existing item dialog / preview,Original L×W/L×W×D/measurement math,GAVIN_GATE_NOT_RUN
P5-CAP-49,Variables and metric/imperial options,NO_EXISTING_CAPABILITY,NO_EXISTING_CAPABILITY,NO_EXISTING_CAPABILITY,YES,YES,Existing item dialog,Original effectiveMeasurementSystem/conversions,GAVIN_GATE_NOT_RUN
P5-CAP-50,Fixed purchased quantity vs measured total,NO_EXISTING_CAPABILITY,NO_EXISTING_CAPABILITY,NO_EXISTING_CAPABILITY,YES,YES,Existing Add Fixed Quantity controls,pricedQuantity/measurementDisplay unchanged,GAVIN_GATE_NOT_RUN
P5-CAP-51,Drawings/images association and search,NO_EXISTING_CAPABILITY,NO_EXISTING_CAPABILITY,NO_EXISTING_CAPABILITY,YES,YES,Component controls and item dialog,Existing flashing IDs/URLs/linked groups/onChange; opt-in keyboard buttons,GAVIN_GATE_NOT_RUN
P5-CAP-52,Image/name/measurements visibility,NO_EXISTING_CAPABILITY,NO_EXISTING_CAPABILITY,NO_EXISTING_CAPABILITY,YES,YES,Component controls,Independent original per-component display flags,GAVIN_GATE_NOT_RUN
P5-CAP-53,"Component collapse, notes, angle calculator",NO_EXISTING_CAPABILITY,NO_EXISTING_CAPABILITY,NO_EXISTING_CAPABILITY,YES,YES,Component list / item dialog,Original callbacks and state; no calculator modification,GAVIN_GATE_NOT_RUN
P5-CAP-54,Supplier/reference/delivery/company/contact fields,NO_EXISTING_CAPABILITY,NO_EXISTING_CAPABILITY,YES,YES,YES,Order details,Original required-reference and header persistence,GAVIN_GATE_NOT_RUN
P5-CAP-55,Logo upload and storage blocked states,NO_EXISTING_CAPABILITY,NO_EXISTING_CAPABILITY,YES,YES,YES,Order details / original upload dialog,"Original upload endpoint, limits, alerts and failure paths",GAVIN_GATE_NOT_RUN
P5-CAP-56,Saved Order preview and cancel,NO_EXISTING_CAPABILITY,NO_EXISTING_CAPABILITY,YES,YES,YES,Header (preview when originally available),Existing window.open/router/save guards; not an unsaved preview,GAVIN_GATE_NOT_RUN
P5-CAP-57,Labour sheet alias of Quote editor,YES,NO_EXISTING_CAPABILITY,NO_EXISTING_CAPABILITY,NO_EXISTING_CAPABILITY,NO_EXISTING_CAPABILITY,Same shared workspace via existing props,"Custom title, save action, includeMargins, taxAudience preserved",GAVIN_GATE_NOT_RUN
P5-CAP-58,Public acceptance/order fulfillment/payment portals,NO_EXISTING_CAPABILITY,NO_EXISTING_CAPABILITY,NO_EXISTING_CAPABILITY,NO_EXISTING_CAPABILITY,NO_EXISTING_CAPABILITY,Outside Phase 5 editor migration,Existing public pages/controllers byte-unchanged,GAVIN_GATE_NOT_RUN
